insert into tracker_group(id,group_name) values(10,'FightBataljon');
insert into tracker_group(id,group_name) values(11,'ChinaTown');

insert into participant(id, label,trace_record, group_id) values(2000, 'Jimi', 'logcord257', 10);
insert into participant(id, label,trace_record, group_id) values(2001, 'Natascha', 'logcord315', 10);
insert into participant(id, label,trace_record, group_id) values(2002, 'DDD454','logcord218',  10);
insert into participant(id, label,trace_record, group_id) values(2003, 'duck500','logcord515', 10);
insert into participant(id, label,trace_record, group_id) values(2004, 'chacha','logcord547', 10);
insert into participant(id, label,trace_record, group_id) values(2005, 'blabla', 'logcord214',11);
insert into participant(id, label,trace_record, group_id) values(2006, 'killerroid','logcord965', 11);

insert into participant_coordinates(participant_id, latitude, longitude, time_stamp) values(2000, 50.846652, 4.721682, '1986-04-08 12:30');
insert into participant_coordinates(participant_id, latitude, longitude, time_stamp) values(2000, 50.846652, 4.721682, '1986-04-08 12:31');
insert into participant_coordinates(participant_id, latitude, longitude, time_stamp) values(2000, 50.846652, 4.728888, '1986-04-08 12:32');
insert into participant_coordinates(participant_id, latitude, longitude, time_stamp) values(2000, 50.846652, 4.729999, '1986-04-08 12:33');
insert into participant_coordinates(participant_id, latitude, longitude, time_stamp) values(2000, 50.845555, 4.721682, '1986-04-08 12:34');
insert into participant_coordinates(participant_id, latitude, longitude, time_stamp) values(2000, 50.844444, 4.721682, '1986-04-08 12:32');
insert into participant_coordinates(participant_id, latitude, longitude, time_stamp) values(2001, 50.848652, 4.715682, '1986-04-08 12:33');
insert into participant_coordinates(participant_id, latitude, longitude, time_stamp) values(2001, 50.847652, 4.724682, '1986-04-08 12:30');
insert into participant_coordinates(participant_id, latitude, longitude, time_stamp) values(2001, 50.846652, 4.723888, '1986-04-08 12:31');
insert into participant_coordinates(participant_id, latitude, longitude, time_stamp) values(2001, 50.845652, 4.722999, '1986-04-08 12:31');
insert into participant_coordinates(participant_id, latitude, longitude, time_stamp) values(2001, 50.844555, 4.721682, '1986-04-08 12:32');
insert into participant_coordinates(participant_id, latitude, longitude, time_stamp) values(2001, 50.843444, 4.721682, '1986-04-08 12:33');
insert into participant_coordinates(participant_id, latitude, longitude, time_stamp) values(2002, 50.846652, 4.721482, '1986-04-08 12:32');
insert into participant_coordinates(participant_id, latitude, longitude, time_stamp) values(2003, 50.846652, 4.721382, '1986-04-08 12:31');
insert into participant_coordinates(participant_id, latitude, longitude, time_stamp) values(2003, 50.846652, 4.721288, '1986-04-08 12:32');
insert into participant_coordinates(participant_id, latitude, longitude, time_stamp) values(2003, 50.846652, 4.721199, '1986-04-08 12:33');
insert into participant_coordinates(participant_id, latitude, longitude, time_stamp) values(2004, 50.845555, 4.721082, '1986-04-08 12:32');
insert into participant_coordinates(participant_id, latitude, longitude, time_stamp) values(2004, 50.844444, 4.720982, '1986-04-08 12:33');
insert into participant_coordinates(participant_id, latitude, longitude, time_stamp) values(2004, 50.844552, 4.721182, '1986-04-08 12:34');
insert into participant_coordinates(participant_id, latitude, longitude, time_stamp) values(2004, 50.844652, 4.721482, '1986-04-08 12:35');
insert into participant_coordinates(participant_id, latitude, longitude, time_stamp) values(2004, 50.844652, 4.721388, '1986-04-08 12:36');
insert into participant_coordinates(participant_id, latitude, longitude, time_stamp) values(2005, 50.845052, 4.729999, '1986-04-08 12:38');
insert into participant_coordinates(participant_id, latitude, longitude, time_stamp) values(2005, 50.844955, 4.721682, '1986-04-08 12:40');
insert into participant_coordinates(participant_id, latitude, longitude, time_stamp) values(2005, 50.844844, 4.721682, '1986-04-08 12:41');


