insert into tracker_group(id,group_name) values(10,'Knights saying NI');
insert into tracker_group(id,group_name) values(11,'Dirty Harries');

insert into participant(id, label,trace_record, color, group_id) values(2000, 'Jimi', 'logcord257',    "blue", 10);
insert into participant(id, label,trace_record, color, group_id) values(2001, 'chacha', 'logcord315',"green", 10);
insert into participant(id, label,trace_record, color, group_id) values(2002, 'D54','logcord218',   "yellow", 10);
insert into participant(id, label,trace_record, color, group_id) values(2003, 'duck','logcord515',"darkred", 10);
insert into participant(id, label,trace_record, color, group_id) values(2004, 'dude','logcord547', "red",10);
insert into participant(id, label,trace_record, color, group_id) values(2005, 'zoem', 'logcord214',"black",11);
insert into participant(id, label,trace_record, color, group_id) values(2006, 'killerroid','logcord965',"purple", 11);

insert into participant_coordinates(participant_id, latitude, longitude, time_stamp) values(2000, 50.851461, 4.723291, 1510665759775 );
insert into participant_coordinates(participant_id, latitude, longitude, time_stamp) values(2000, 50.850401, 4.724064, 1510665759775 );
insert into participant_coordinates(participant_id, latitude, longitude, time_stamp) values(2000, 50.849988, 4.724311, 1510665759775 );
insert into participant_coordinates(participant_id, latitude, longitude, time_stamp) values(2000, 50.850235, 4.725883, 1510665759775 );
insert into participant_coordinates(participant_id, latitude, longitude, time_stamp) values(2000, 50.850434, 4.726065, 1510665759775 );
insert into participant_coordinates(participant_id, latitude, longitude, time_stamp) values(2000, 50.850428, 4.726703, 1510665759775 );
insert into participant_coordinates(participant_id, latitude, longitude, time_stamp) values(2000, 50.850457, 4.727304, 1510665759775 );
insert into participant_coordinates(participant_id, latitude, longitude, time_stamp) values(2000, 50.850086, 4.727647, 1510665759775 );
insert into participant_coordinates(participant_id, latitude, longitude, time_stamp) values(2001, 50.850798, 4.724531, 1510665759775 );
insert into participant_coordinates(participant_id, latitude, longitude, time_stamp) values(2001, 50.851035, 4.724364, 1510665759775 );
insert into participant_coordinates(participant_id, latitude, longitude, time_stamp) values(2001, 50.851052, 4.723833, 1510665759775 );
insert into participant_coordinates(participant_id, latitude, longitude, time_stamp) values(2001, 50.850869, 4.722750, 1510665759775 );
insert into participant_coordinates(participant_id, latitude, longitude, time_stamp) values(2001, 50.850503, 4.722052, 1510665759775 );
insert into participant_coordinates(participant_id, latitude, longitude, time_stamp) values(2001, 50.850188, 4.722326, 1510665759775 );
insert into participant_coordinates(participant_id, latitude, longitude, time_stamp) values(2001, 50.849639, 4.722718, 1510665759775 );
insert into participant_coordinates(participant_id, latitude, longitude, time_stamp) values(2001, 50.849490, 4.725137, 1510665759775 );
insert into participant_coordinates(participant_id, latitude, longitude, time_stamp) values(2001, 50.849280, 4.726837, 1510665759775 );
insert into participant_coordinates(participant_id, latitude, longitude, time_stamp) values(2001, 50.848318, 4.727621, 1510665759775 );
insert into participant_coordinates(participant_id, latitude, longitude, time_stamp) values(2002, 50.8493, 4.726, 1510665759775 );
insert into participant_coordinates(participant_id, latitude, longitude, time_stamp) values(2002, 50.8484, 4.727, 1510665759775 );
insert into participant_coordinates(participant_id, latitude, longitude, time_stamp) values(2003, 50.8515, 4.7233, 1510665759775 );
insert into participant_coordinates(participant_id, latitude, longitude, time_stamp) values(2003, 50.8516, 4.7234, 1510665759775 );
insert into participant_coordinates(participant_id, latitude, longitude, time_stamp) values(2003, 50.8519, 4.7206, 1510665759775 );
insert into participant_coordinates(participant_id, latitude, longitude, time_stamp) values(2003, 50.8508, 4.718, 1510665759775) ;
insert into participant_coordinates(participant_id, latitude, longitude, time_stamp) values(2003, 50.855, 4.7195, 1510665759775) ;
insert into participant_coordinates(participant_id, latitude, longitude, time_stamp) values(2003, 50.8525, 4.7115, 1510665759775 );
insert into participant_coordinates(participant_id, latitude, longitude, time_stamp) values(2004, 50.850798, 4.724531, 1510665759775 );
insert into participant_coordinates(participant_id, latitude, longitude, time_stamp) values(2004, 50.853128, 4.727878, 1510665759775 );
insert into participant_coordinates(participant_id, latitude, longitude, time_stamp) values(2004, 50.852071, 4.734101, 1510665759775 );
insert into participant_coordinates(participant_id, latitude, longitude, time_stamp) values(2004, 50.843950, 4.736228, 1510665759775 );
insert into participant_coordinates(participant_id, latitude, longitude, time_stamp) values(2004, 50.844533, 4.731268, 1510665759775 );
insert into participant_coordinates(participant_id, latitude, longitude, time_stamp) values(2005, 50.85161 , 4.721355, 1510665759775 );
insert into participant_coordinates(participant_id, latitude, longitude, time_stamp) values(2005, 50.848251, 4.702472, 1510665759775 );
insert into participant_coordinates(participant_id, latitude, longitude, time_stamp) values(2005, 50.842181, 4.705734, 1510665759775 );


