insert into trace_record(id, trace_record_name) values(1000,'logcord210');
insert into trace_record(id, trace_record_name) values(1001,'logcord211');
insert into trace_record(id, trace_record_name) values(1002,'logcord212');
insert into trace_record(id, trace_record_name) values(1003,'logcord213');
insert into trace_record(id, trace_record_name) values(1004,'logcord214');
insert into trace_record(id, trace_record_name) values(1005,'logcord215');

insert into trace_record_coordinates(trace_record_id, latitude, longitude, time_stamp) values(1000, 50.846652, 4.721682, '1986-04-08 12:30');
insert into trace_record_coordinates(trace_record_id, latitude, longitude, time_stamp) values(1000, 50.846652, 4.721682, '1986-04-08 12:31');
insert into trace_record_coordinates(trace_record_id, latitude, longitude, time_stamp) values(1000, 50.846652, 4.728888, '1986-04-08 12:32');
insert into trace_record_coordinates(trace_record_id, latitude, longitude, time_stamp) values(1000, 50.846652, 4.729999, '1986-04-08 12:33');
insert into trace_record_coordinates(trace_record_id, latitude, longitude, time_stamp) values(1000, 50.845555, 4.721682, '1986-04-08 12:34');
insert into trace_record_coordinates(trace_record_id, latitude, longitude, time_stamp) values(1000, 50.844444, 4.721682, '1986-04-08 12:32');
insert into trace_record_coordinates(trace_record_id, latitude, longitude, time_stamp) values(1001, 50.848652, 4.715682, '1986-04-08 12:33');
insert into trace_record_coordinates(trace_record_id, latitude, longitude, time_stamp) values(1001, 50.847652, 4.724682, '1986-04-08 12:30');
insert into trace_record_coordinates(trace_record_id, latitude, longitude, time_stamp) values(1001, 50.846652, 4.723888, '1986-04-08 12:31');
insert into trace_record_coordinates(trace_record_id, latitude, longitude, time_stamp) values(1001, 50.845652, 4.722999, '1986-04-08 12:31');
insert into trace_record_coordinates(trace_record_id, latitude, longitude, time_stamp) values(1001, 50.844555, 4.721682, '1986-04-08 12:32');
insert into trace_record_coordinates(trace_record_id, latitude, longitude, time_stamp) values(1001, 50.843444, 4.721682, '1986-04-08 12:33');
insert into trace_record_coordinates(trace_record_id, latitude, longitude, time_stamp) values(1002, 50.846652, 4.721482, '1986-04-08 12:32');
insert into trace_record_coordinates(trace_record_id, latitude, longitude, time_stamp) values(1003, 50.846652, 4.721382, '1986-04-08 12:31');
insert into trace_record_coordinates(trace_record_id, latitude, longitude, time_stamp) values(1003, 50.846652, 4.721288, '1986-04-08 12:32');
insert into trace_record_coordinates(trace_record_id, latitude, longitude, time_stamp) values(1003, 50.846652, 4.721199, '1986-04-08 12:33');
insert into trace_record_coordinates(trace_record_id, latitude, longitude, time_stamp) values(1004, 50.845555, 4.721082, '1986-04-08 12:32');
insert into trace_record_coordinates(trace_record_id, latitude, longitude, time_stamp) values(1004, 50.844444, 4.720982, '1986-04-08 12:33');
insert into trace_record_coordinates(trace_record_id, latitude, longitude, time_stamp) values(1004, 50.844552, 4.721182, '1986-04-08 12:34');
insert into trace_record_coordinates(trace_record_id, latitude, longitude, time_stamp) values(1004, 50.844652, 4.721482, '1986-04-08 12:35');
insert into trace_record_coordinates(trace_record_id, latitude, longitude, time_stamp) values(1004, 50.844652, 4.721388, '1986-04-08 12:36');
insert into trace_record_coordinates(trace_record_id, latitude, longitude, time_stamp) values(1005, 50.845052, 4.729999, '1986-04-08 12:38');
insert into trace_record_coordinates(trace_record_id, latitude, longitude, time_stamp) values(1005, 50.844955, 4.721682, '1986-04-08 12:40');
insert into trace_record_coordinates(trace_record_id, latitude, longitude, time_stamp) values(1005, 50.844844, 4.721682, '1986-04-08 12:41');

insert into participant(id, label, trace_record_id) values(2001, 'Natascha', 1004);
insert into participant(id, label, trace_record_id) values(2002, 'DDD454', 1001);
insert into participant(id, label, trace_record_id) values(2003, 'duck500', 1000);
insert into participant(id, label, trace_record_id) values(2004, 'chacha', 1002);
insert into participant(id, label, trace_record_id) values(2005, 'blabla', 1003);
insert into participant(id, label, trace_record_id) values(2006, 'killerroid', 1005);
insert into group_(id,group_name) values(10,'FightBataljon');
insert into group_(id,group_name) values(11,'ChinaTown');

insert into group__participants(group__id, participants_id) values(10,2001);
insert into group__participants(group__id, participants_id) values(10,2002);
insert into group__participants(group__id, participants_id) values(10,2005);
insert into group__participants(group__id, participants_id) values(10,2006);
insert into group__participants(group__id, participants_id) values(11,2003);
insert into group__participants(group__id, participants_id) values(11,2004);
