insert into tracker_group(id,group_name) values(10,'Knights saying NI');
insert into tracker_group(id,group_name) values(11,'Dirty Harries');

insert into participant(id, label,trace_record, color, group_id) values(2000, 'Jimi', 'logcord257',    "darkblue", 10);
insert into participant(id, label,trace_record, color, group_id) values(2001, 'Natascha', 'logcord315',"green", 10);
insert into participant(id, label,trace_record, color, group_id) values(2002, 'DDD454','logcord218',   "blue", 10);
insert into participant(id, label,trace_record, color, group_id) values(2003, 'duck500','logcord515',"darkred", 10);
insert into participant(id, label,trace_record, color, group_id) values(2004, 'chacha','logcord547', "red",10);
insert into participant(id, label,trace_record, color, group_id) values(2005, 'blabla', 'logcord214',"black",11);
insert into participant(id, label,trace_record, color, group_id) values(2006, 'killerroid','logcord965',"purple", 11);

insert into participant_coordinates(participant_id, latitude, longitude, time_stamp) values(2000, 50.851461, 4.723291, '1986-04-08 12:30');
insert into participant_coordinates(participant_id, latitude, longitude, time_stamp) values(2000, 50.850401, 4.724064, '1986-04-08 12:31');
insert into participant_coordinates(participant_id, latitude, longitude, time_stamp) values(2000, 50.849988, 4.724311, '1986-04-08 12:32');
insert into participant_coordinates(participant_id, latitude, longitude, time_stamp) values(2000, 50.850235, 4.725883, '1986-04-08 12:33');
insert into participant_coordinates(participant_id, latitude, longitude, time_stamp) values(2000, 50.850434, 4.726065, '1986-04-08 12:34');
insert into participant_coordinates(participant_id, latitude, longitude, time_stamp) values(2000, 50.850428, 4.726703, '1986-04-08 12:32');
insert into participant_coordinates(participant_id, latitude, longitude, time_stamp) values(2000, 50.850457, 4.727304, '1986-04-08 12:34');
insert into participant_coordinates(participant_id, latitude, longitude, time_stamp) values(2000, 50.850086, 4.727647, '1986-04-08 12:34');
insert into participant_coordinates(participant_id, latitude, longitude, time_stamp) values(2001, 50.850798, 4.724531, '1986-04-08 12:33');
insert into participant_coordinates(participant_id, latitude, longitude, time_stamp) values(2001, 50.851035, 4.724364, '1986-04-08 12:30');
insert into participant_coordinates(participant_id, latitude, longitude, time_stamp) values(2001, 50.851052, 4.723833, '1986-04-08 12:31');
insert into participant_coordinates(participant_id, latitude, longitude, time_stamp) values(2001, 50.850869, 4.722750, '1986-04-08 12:31');
insert into participant_coordinates(participant_id, latitude, longitude, time_stamp) values(2001, 50.850503, 4.722052, '1986-04-08 12:32');
insert into participant_coordinates(participant_id, latitude, longitude, time_stamp) values(2001, 50.850188, 4.722326, '1986-04-08 12:33');
insert into participant_coordinates(participant_id, latitude, longitude, time_stamp) values(2001, 50.849639, 4.722718, '1986-04-08 12:32');
insert into participant_coordinates(participant_id, latitude, longitude, time_stamp) values(2001, 50.849490, 4.725137, '1986-04-08 12:31');
insert into participant_coordinates(participant_id, latitude, longitude, time_stamp) values(2001, 50.849280, 4.726837, '1986-04-08 12:32');
insert into participant_coordinates(participant_id, latitude, longitude, time_stamp) values(2001, 50.848318, 4.727621, '1986-04-08 12:33');
insert into participant_coordinates(participant_id, latitude, longitude, time_stamp) values(2004, 50.850798, 4.724531, '1986-04-08 12:32');
insert into participant_coordinates(participant_id, latitude, longitude, time_stamp) values(2004, 50.853128, 4.727878, '1986-04-08 12:33');
insert into participant_coordinates(participant_id, latitude, longitude, time_stamp) values(2004, 50.852071, 4.734101, '1986-04-08 12:34');
insert into participant_coordinates(participant_id, latitude, longitude, time_stamp) values(2004, 50.843950, 4.736228, '1986-04-08 12:35');
insert into participant_coordinates(participant_id, latitude, longitude, time_stamp) values(2004, 50.844533, 4.731268, '1986-04-08 12:36');
insert into participant_coordinates(participant_id, latitude, longitude, time_stamp) values(2005, 50.85161 , 4.721355, '1986-04-08 12:38');
insert into participant_coordinates(participant_id, latitude, longitude, time_stamp) values(2005, 50.848251, 4.702472, '1986-04-08 12:40');
insert into participant_coordinates(participant_id, latitude, longitude, time_stamp) values(2005, 50.842181, 4.705734, '1986-04-08 12:41');


